id,name,short,type,address,region,phone,phoneDisplay,hours,open,close,rating,reviews,lat,lng,geoExact,maps,facebook,tiktok,instagram,price,note,photo,email,priority,active
CN03,Boom Music Box Hoàng Diệu 2 (CN1),Hoàng Diệu 2 (CN1),Quán bar karaoke / Karaoke mini,"190 Đ. Hoàng Diệu 2, P. Linh Chiểu, TP. Thủ Đức, TP.HCM",TP.HCM,0899887034,0899 887 034,10:00 - 06:00 hôm sau (hàng ngày),10:00,06:00,4.7,580,10.8506,106.7681,N,https://www.google.com/maps/search/Boom+Music+Box+Ho%C3%A0ng+Di%E1%BB%87u+2,facebook.com/boommusicboxhoangdieu2 - Chi nhánh đầu tiên,,,Từ 10-15k/giờ,Chi nhánh khai trương đầu tiên của hệ thống Boom Music Box (14/09/2024).,,,1,Y
CN01,Boom Music Box Tây Hòa,Tây Hòa,Karaoke mini / Phòng thu âm,"184 Tây Hòa, KP.25, P. Phước Long, TP. Thủ Đức, TP.HCM",TP.HCM,0906251543,0906 251 543,"10:00 - 06:00 hôm sau, mở cửa tất cả các ngày trong tuần",10:00,06:00,5.0,343,10.8244417,106.7689786,Y,"https://www.google.com/maps/place/Boom+Music+Box+T%C3%A2y+H%C3%B2a/@10.8244417,106.7689786,992m/data=!3m2!1e3!4b1!4m6!3m5!1s0x3175270057ef225d:0x90f0c76e8b6a2b96!8m2!3d10.8244417!4d106.7689786",facebook.com/Boomusicboxtayhoa,tiktok.com/@boom.music.box.th,instagram.com/boomtayhoa,Từ 10k/giờ (khung giờ vàng),"Karaoke mini 4-10m2, riêng tư, phong cách chill, phù hợp giới trẻ/sinh viên/cặp đôi. Chi nhánh CN16 thuộc hệ thống Boom Music Box.",,,2,Y
CN02,Boom Music Box Nguyễn Văn Tăng,Nguyễn Văn Tăng,Karaoke mini / Chuyên gia về âm thanh,"251 Nguyễn Văn Tăng, P. Long Bình, TP. Thủ Đức, TP.HCM",TP.HCM,0777451599,0777 451 599,"10:00 - 06:00 hôm sau, mở cửa tất cả các ngày trong tuần",10:00,06:00,5.0,52,10.8418097,106.821271,Y,"https://www.google.com/maps/place/Boom+Music+Box+Nguy%E1%BB%85n+V%C4%83n+T%C4%83ng/@10.8418097,106.821271,992m/data=!3m2!1e3!4b1!4m6!3m5!1s0x3175219c629b8c03:0x647a2a5c50723dd9!8m2!3d10.8418097!4d106.821271",facebook.com/boommusicboxnguyenvantang,,instagram.com/boom_music_box,Từ 15k/giờ,"Karaoke mini 4-10m2, khai trương gần đây (2 tháng trước theo review), cùng hệ thống với Boom Music Box Tây Hòa và Hoàng Diệu 2.",,,3,Y
CN04,Boom Music Box Hùng Vương (CN2),Hùng Vương (CN2),Karaoke mini / Nhà sản xuất âm nhạc,"335-337 Hùng Vương, P. An Đông, TP.HCM (Quận 5 cũ)",TP.HCM,0914636346,0914 636 346,10:00 - 06:00 hôm sau (hàng ngày),10:00,06:00,4.7,593,10.7546,106.6666,N,https://www.google.com/maps/search/Boom+Music+Box+H%C3%B9ng+V%C6%B0%C6%A1ng,,,,Từ 10-15k/giờ,CN2 của hệ thống.,,,104,Y
CN05,Boom Music Box Nha Trang (CN3),Nha Trang (CN3),Karaoke mini / Cửa hàng âm nhạc,"84 Đoàn Trần Nghiệp, TP Nha Trang, Khánh Hòa",Khánh Hòa,0357264354,0357 264 354,10:00 - 06:00 hôm sau (hàng ngày),10:00,06:00,4.6,129,12.2426,109.193,N,https://www.google.com/maps/search/Boom+Music+Box+Nha+Trang,,,,Từ 10-15k/giờ,"CN3 của hệ thống, chi nhánh đầu tiên ngoài TP.HCM.",,,105,Y
CN06,Boom Music Box Dương Quảng Hàm 1 (CN4),Dương Quảng Hàm 1 (CN4),Karaoke mini,"512 Dương Quảng Hàm, P. An Nhơn,0706096186,0706 096 186,,,10:00 - 06:00 hôm sau (hàng ngày),10:00,06:00,,,10.8331,106.6862,N,https://www.google.com/maps/search/512+D%C6%B0%C6%A1ng+Qu%E1%BA%A3ng+H%C3%A0m,,,"CN4, dùng chung hotline với chi nhánh Dương Quảng Hàm 2 (cùng đường). Cần kiểm tra thực tế.",Từ 10-15k/giờ,"CN4, có thể chung quản lý với CN5 (cùng đường). Cần kiểm tra thực tế.",,,106,Y
CN07,Boom Music Box Dương Quảng Hàm 2 (CN5),Dương Quảng Hàm 2 (CN5),Karaoke mini / Cửa hàng âm nhạc,"518 Dương Quảng Hàm, P. An Nhơn, TP.HCM (Quận Gò Vấp cũ)",TP.HCM,0706096186,0706 096 186,10:00 - 06:00 hôm sau (hàng ngày),10:00,06:00,4.7,816,10.8334,106.686,N,https://www.google.com/maps/search/Boom+Music+Box+D%C6%B0%C6%A1ng+Qu%E1%BA%A3ng+H%C3%A0m,,,,Từ 10-15k/giờ,CN5.,,,107,Y
CN08,Boom Music Box Lê Đức Thọ (CN6),Lê Đức Thọ (CN6),Karaoke mini / Phòng thu âm,"484-486 Đ. Lê Đức Thọ, P. (Gò Vấp cũ), TP.HCM",TP.HCM,0778713449,0778 713 449,10:00 - 06:00 hôm sau (hàng ngày),10:00,06:00,4.8,414,10.8443,106.6712,N,https://www.google.com/maps/search/Boom+Music+Box+L%C3%AA+%C4%90%E1%BB%A9c+Th%E1%BB%8D,,,,Từ 10-15k/giờ,CN6.,,,108,Y
CN09,Boom Music Box Tô Ký (CN7),Tô Ký (CN7),Karaoke mini / Cửa hàng âm nhạc,"12/09 Tô Ký, P. Tân Chánh Hiệp, TP.HCM (Quận 12 cũ)",TP.HCM,0911695421,0911 695 421,10:00 - 06:00 hôm sau (hàng ngày),10:00,06:00,4.6,278,10.856,106.627,N,https://www.google.com/maps/search/Boom+Music+Box+T%C3%B4+K%C3%BD,facebook.com/Boommusicboxtoky,,,Từ 10-15k/giờ,CN7.,,,109,Y
CN10,Boom Music Box Cần Thơ (CN8),Cần Thơ (CN8),Karaoke mini / Phòng thu âm,"175 Đường 3/2, P. Tân An, TP Cần Thơ",Cần Thơ,0985816683,0985 816 683,10:00 - 06:00 hôm sau (hàng ngày),10:00,06:00,4.7,180,10.0322,105.772,N,https://www.google.com/maps/search/Boom+Music+Box+C%E1%BA%A7n+Th%C6%A1,,,,Từ 10-15k/giờ,CN8.,,,110,Y
CN11,Boom Music Box Lê Văn Lương (CN9),Lê Văn Lương (CN9),Karaoke mini / Phòng thu âm,"327 Lê Văn Lương, P. Tân Hưng, TP.HCM (Quận 7 cũ)",TP.HCM,0337382836,0337 382 836,10:00 - 06:00 hôm sau (hàng ngày),10:00,06:00,4.6,266,10.742,106.7,N,https://www.google.com/maps/search/Boom+Music+Box+L%C3%AA+V%C4%83n+L%C6%B0%C6%A1ng,,,,Từ 10-15k/giờ,CN9.,,,111,Y
CN12,Boom Music Box Âu Cơ (CN10),Âu Cơ (CN10),Karaoke mini / Chuyên gia về âm thanh,"630 Âu Cơ, P. Bảy Hiền, TP.HCM (Quận Tân Bình cũ)",TP.HCM,0934523853,0934 523 853,10:00 - 06:00 hôm sau (hàng ngày),10:00,06:00,4.9,196,10.793,106.639,N,https://www.google.com/maps/search/Boom+Music+Box+%C3%82u+C%C6%A1,,,,Từ 10-15k/giờ,CN10.,,,112,Y
CN13,Boom Music Box Đà Lạt (CN11),Đà Lạt (CN11),Karaoke mini / Phòng thu âm,"180 Nguyễn Công Trứ, P. Lâm Viên - Đà Lạt, Lâm Đồng",Lâm Đồng,0936131903,0936 131 903,10:00 - 06:00 hôm sau (hàng ngày),10:00,06:00,4.6,256,11.95,108.453,N,https://www.google.com/maps/search/Boom+Music+Box+%C4%90%C3%A0+L%E1%BA%A1t,,,,Từ 10-15k/giờ,CN11.,,,113,Y
CN14,Boom Music Box Trà Vinh (CN12),Trà Vinh (CN12),Karaoke mini / Sân chơi,"77 Đ. Nguyễn Đáng, P. Nguyệt Hóa, TP Trà Vinh",Trà Vinh,0369315816,0369 315 816,10:00 - 06:00 hôm sau (hàng ngày),10:00,06:00,4.9,128,9.943,106.33,N,https://www.google.com/maps/search/Boom+Music+Box+Tr%C3%A0+Vinh,,,,Từ 10-15k/giờ,CN12.,,,114,Y
CN15,Boom Music Box Vĩnh Long (CN13),Vĩnh Long (CN13),Karaoke mini / Phòng thu âm,"79/39D Mậu Thân 2, Khóm 3, P.3, TP Vĩnh Long",Vĩnh Long,0372921183,0372 921 183,10:00 - 06:00 hôm sau (hàng ngày),10:00,06:00,5.0,206,10.248,105.964,N,https://www.google.com/maps/search/Boom+Music+Box+V%C4%A9nh+Long,,,,Từ 10-15k/giờ,CN13.,,,115,Y
CN16,Boom Music Box Lê Trọng Tấn (CN14),Lê Trọng Tấn (CN14),Karaoke mini / Phòng thu âm,"192 Lê Trọng Tấn, P. Tây Thạnh, TP.HCM (Quận Tân Phú cũ)",TP.HCM,0934561829,0934 561 829,10:00 - 06:00 hôm sau (hàng ngày),10:00,06:00,4.8,235,10.81,106.618,N,https://www.google.com/maps/search/Boom+Music+Box+L%C3%AA+Tr%E1%BB%8Dng+T%E1%BA%A5n,,,,Từ 10-15k/giờ,CN14.,,,116,Y
CN17,Boom Music Box Đồng Tháp (CN15),Đồng Tháp (CN15),Karaoke mini / Phòng thu âm,"77 Đường Trần Thị Nhượng, P.4, TP Cao Lãnh, Đồng Tháp",Đồng Tháp,0934605951,0934 605 951,10:00 - 06:00 hôm sau (hàng ngày),10:00,06:00,4.8,193,10.459,105.636,N,https://www.google.com/maps/search/Boom+Music+Box+%C4%90%E1%BB%93ng+Th%C3%A1p,,,,Từ 10-15k/giờ,CN15.,,,117,Y
CN18,Boom Musicbox Lê Văn Sỹ (CN19),Lê Văn Sỹ (CN19),Karaoke mini / Phòng thu âm,"270 Đ. Lê Văn Sỹ, P. Nhiêu Lộc, TP.HCM (Quận 3 cũ)",TP.HCM,0777204861,0777 204 861,10:00 - 06:00 hôm sau (hàng ngày),10:00,06:00,4.9,505,10.79,106.679,N,https://www.google.com/maps/search/Boom+Music+Box+L%C3%AA+V%C4%83n+S%E1%BB%B9,facebook.com/Boommusicboxlevansy,,,Từ 10-15k/giờ,CN19.,,,118,Y
CN19,Boom Music Box Tôn Đản,Tôn Đản,Karaoke mini / Chuyên gia về âm thanh,"25 Tôn Đản, P. Xóm Chiếu, TP.HCM (Quận 4 cũ)",TP.HCM,0902349452,0902 349 452,10:00 - 06:00 hôm sau (hàng ngày),10:00,06:00,4.9,137,10.758,106.703,N,https://www.google.com/maps/search/Boom+Music+Box+T%C3%B4n+%C4%90%E1%BA%A3n,,,,Từ 10-15k/giờ,"Chi nhánh ngoài danh sách CN1-16 gốc, mở sau tháng 9/2025.",,,119,Y
CN20,Boom Music Box Dĩ An,Dĩ An,Karaoke mini / Chuyên gia về âm thanh,"21 Ngô Thì Nhậm, KP Nhị Đồng, Dĩ An, Bình Dương",Bình Dương,0776728179,0776 728 179,10:00 - 06:00 hôm sau (hàng ngày),10:00,06:00,4.8,37,10.906,106.769,N,https://www.google.com/maps/search/Boom+Music+Box+D%C4%A9+An,,,,Từ 10-15k/giờ,"Chi nhánh mới, quy mô nhỏ (37 đánh giá).",,,120,Y
CN21,Boom Music Box Hậu Giang,Hậu Giang,Karaoke mini / Karaoke theo video,"105 Đ. Hậu Giang, P. Bình Tây, TP.HCM (Quận 6 cũ)",TP.HCM,0777710020,0777 710 020,10:00 - 06:00 hôm sau (hàng ngày),10:00,06:00,5.0,100,10.748,106.644,N,https://www.google.com/maps/search/Boom+Music+Box+H%E1%BA%ADu+Giang+B%C3%ACnh+T%C3%A2y,,,,Từ 10-15k/giờ,Khai trương khoảng 2 tháng trước.,,,121,Y
CN22,Boom Music Box Thạch Lam,Thạch Lam,Karaoke mini / Cửa hàng âm nhạc,"158 Đ. Thạch Lam, P. Phú Thạnh, TP.HCM (Quận Tân Phú cũ)",TP.HCM,0778413872,0778 413 872,10:00 - 06:00 hôm sau (hàng ngày),10:00,06:00,4.8,303,10.783,106.625,N,https://www.google.com/maps/search/Boom+Music+Box+Th%E1%BA%A1ch+Lam,facebook.com/Boommusicboxthachlam,,instagram.com/boommusicboxthach,Từ 15k/giờ,,,,122,Y
CN23,Boom Music Box Biên Hòa (CN30),Biên Hòa (CN30),Karaoke mini / Chuyên gia về âm thanh,"324 KP4, Đ. Đồng Khởi, TP Biên Hòa, Đồng Nai",Đồng Nai,0327199999,0327 199 999,10:00 - 06:00 hôm sau (hàng ngày),10:00,06:00,4.7,51,10.96,106.86,N,https://www.google.com/maps/search/Boom+Music+Box+Bi%C3%AAn+H%C3%B2a,facebook.com/bienhoadongnai30,,,Từ 15k/giờ,"Chi nhánh thứ 30 của hệ thống, khai trương 8/7/2026.",,,123,Y
CN24,Boom Music Box Bình Dương,Bình Dương,Karaoke mini / Chuyên gia về âm thanh,"107 Thích Quảng Đức, TP Thủ Dầu Một, Bình Dương",Bình Dương,0961301073,0961 301 073,10:00 - 06:00 hôm sau (hàng ngày),10:00,06:00,4.9,58,10.975,106.652,N,https://www.google.com/maps/search/Boom+Music+Box+B%C3%ACnh+D%C6%B0%C6%A1ng,,,,Từ 10-15k/giờ,,,,124,Y
CN25,Boom Musicbox Thủ Dầu 1,Thủ Dầu 1,Karaoke mini / Phòng thu âm,"134/26 Đ. 30 Tháng 4, TP Thủ Dầu Một, Bình Dương",Bình Dương,0778881679,0778 881 679,10:00 - 06:00 hôm sau (hàng ngày),10:00,06:00,4.8,417,10.98,106.658,N,https://www.google.com/maps/search/Boom+Music+Box+Th%E1%BB%A7+D%E1%BA%A7u+M%E1%BB%99t,,,,Từ 10-15k/giờ,,,,125,Y
CN26,Boom Music Box Lê Hồng Phong | Thủ Dầu 1,Lê Hồng Phong | Thủ Dầu 1,Karaoke mini / Chuyên gia về âm thanh,"424/26 Lê Hồng Phong, Tổ 1 KP Phú Hòa 4, TP Thủ Dầu Một, Bình Dương",Bình Dương,0777789935,0777 789 935,10:00 - 06:00 hôm sau (hàng ngày),10:00,06:00,4.9,28,10.969,106.662,N,https://www.google.com/maps/search/Boom+Music+Box+Th%E1%BB%A7+D%E1%BA%A7u+M%E1%BB%99t,,,,Từ 10-15k/giờ,"Chi nhánh mới, quy mô nhỏ (28 đánh giá).",,,126,Y
CN27,Boom Musicbox Mỹ Tho,Mỹ Tho,Karaoke mini / Phòng thu âm,"1A Lê Văn Phẩm, TP Mỹ Tho, Tiền Giang",Tiền Giang,0778879468,0778 879 468,10:00 - 06:00 hôm sau (hàng ngày),10:00,06:00,4.7,182,10.362,106.362,N,https://www.google.com/maps/search/Boom+Music+Box+M%E1%BB%B9+Tho,,tiktok.com/@boom.musicbox.mytho,,Từ 10-15k/giờ,,,,127,Y
CN28,Boom Music Box Phạm Hùng,Phạm Hùng,Karaoke mini / Chuyên gia về âm thanh,"C3/3 Đ. Phạm Hùng, P. Bình Hưng, TP.HCM (Bình Chánh)",TP.HCM,0777912868,0777 912 868,10:00 - 06:00 hôm sau (hàng ngày),10:00,06:00,4.9,181,10.737,106.679,N,https://www.google.com/maps/search/Boom+Music+Box+Ph%E1%BA%A1m+H%C3%B9ng,,,,Từ 10-15k/giờ,,,,128,Y
